時間,價格,柱狀圖,MACD線,信號線,交易信號,信號類型,交易序號,持倉狀態,信號有效性
2025-07-15 01:00:00,3515079.1,-8564.657001901887,15476.065728916321,24040.72273081821,⚪ 持有,hold,0,空倉,True
2025-07-15 02:00:00,3513960.7,-9639.420189818371,11991.447493545245,21630.867683363616,⚪ 持有,hold,0,空倉,True
2025-07-15 03:00:00,3520442.8,-9591.278612712402,9641.769417473115,19233.048030185517,⚪ 持有,hold,0,空倉,True
2025-07-15 04:00:00,3530188.7,-8611.697188949962,8468.426543998066,17080.12373294803,⚪ 持有,hold,0,空倉,True
2025-07-15 05:00:00,3528038.6,-7839.205720120897,7281.116582796909,15120.322302917806,⚪ 持有,hold,0,空倉,True
2025-07-15 06:00:00,3530000.0,-6956.756041991968,6424.377250427846,13381.133292419814,⚪ 持有,hold,0,空倉,True
2025-07-15 07:00:00,3522473.3,-6641.298680666445,5079.509941586759,11720.808622253204,⚪ 持有,hold,0,空倉,True
2025-07-15 08:00:00,3513999.8,-6743.043616208868,3292.004101992119,10035.047718200987,⚪ 持有,hold,0,空倉,True
2025-07-15 09:00:00,3485360.6,-8372.508334098136,-430.58769942168146,7941.920634676454,⚪ 持有,hold,0,空倉,True
2025-07-15 10:00:00,3472274.0,-9862.48574326987,-4386.186544410884,5476.2991988589865,⚪ 持有,hold,0,空倉,True
2025-07-15 11:00:00,3444565.6,-12097.578648620163,-9645.674111916218,2451.9045367039453,⚪ 持有,hold,0,空倉,True
2025-07-15 12:00:00,3454480.3,-12253.937071867935,-12865.516803130973,-611.5797312630386,⚪ 持有,hold,0,空倉,True
2025-07-15 13:00:00,3451091.2,-11920.276661190162,-15511.925557750743,-3591.64889656058,⚪ 持有,hold,0,空倉,True
2025-07-15 14:00:00,3438849.9,-11834.73097063784,-18385.06260985788,-6550.3316392200395,⚪ 持有,hold,0,空倉,True
2025-07-15 15:00:00,3432280.7,-11520.22930959237,-20950.6182762105,-9430.388966618131,⚪ 持有,hold,0,空倉,True
2025-07-15 16:00:00,3430505.5,-10746.510365376973,-22863.52692333935,-12117.016557962375,⚪ 持有,hold,0,空倉,True
2025-07-15 17:00:00,3431040.1,-9553.623039349375,-24059.045357149094,-14505.42231779972,⚪ 持有,hold,0,空倉,True
2025-07-15 18:00:00,3440873.4,-7545.346267078014,-23937.105151647236,-16391.758884569223,⚪ 持有,hold,0,空倉,True
2025-07-15 19:00:00,3442800.0,-5618.666125640597,-23415.09154161997,-17796.425415979375,⚪ 持有,hold,0,空倉,True
2025-07-15 20:00:00,3446201.3,-3737.2109428512667,-22467.939094543457,-18730.72815169219,⚪ 持有,hold,0,空倉,True
2025-07-15 21:00:00,3469491.5,-704.9498840260349,-19611.915506724734,-18906.9656226987,⚪ 持有,hold,0,空倉,True
2025-07-15 22:00:00,3415880.0,-2016.4222464186714,-21427.49343072204,-19411.071184303368,⚪ 持有,hold,0,空倉,True
2025-07-15 23:00:00,3425460.9,-1944.3258435769094,-21841.478488774505,-19897.152645197595,⚪ 持有,hold,0,空倉,True
2025-07-16 00:00:00,3450954.7,11.140859020793869,-19883.226571421605,-19894.3674304424,🟢 買1,buy,1,持倉,True
2025-07-16 01:00:00,3455163.7,1686.1871796558917,-17786.633455872536,-19472.820635528427,⚪ 持有,hold,0,持倉,True
2025-07-16 02:00:00,3439189.1,1805.749380418758,-17215.63391000498,-19021.38329042374,⚪ 持有,hold,0,持倉,True
2025-07-16 03:00:00,3428154.7,1255.2529761375554,-17452.317070251796,-18707.57004638935,⚪ 持有,hold,0,持倉,True
2025-07-16 04:00:00,3429730.4,1115.520897635346,-17313.16892434517,-18428.689821980515,⚪ 持有,hold,0,持倉,True
2025-07-16 05:00:00,3456393.0,2839.017779810052,-14879.917597217951,-17718.935377028003,⚪ 持有,hold,0,持倉,True
2025-07-16 06:00:00,3464772.8,4466.765643446277,-12135.478322720155,-16602.243966166432,⚪ 持有,hold,0,持倉,True
2025-07-16 07:00:00,3465315.2,5438.825423652337,-9803.712186601013,-15242.53761025335,⚪ 持有,hold,0,持倉,True
2025-07-16 08:00:00,3473684.2,6436.034780355942,-7197.494134808425,-13633.528915164366,⚪ 持有,hold,0,持倉,True
2025-07-16 09:00:00,3462500.0,6134.223472791411,-5965.7495741751045,-12099.973046966516,⚪ 持有,hold,0,持倉,True
2025-07-16 10:00:00,3449873.3,4927.994510360557,-5939.979909015819,-10867.974419376376,⚪ 持有,hold,0,持倉,True
2025-07-16 11:00:00,3458733.8,4578.157608413347,-5145.2774088596925,-9723.43501727304,⚪ 持有,hold,0,持倉,True
2025-07-16 12:00:00,3460670.1,4331.108872322906,-4309.548926869407,-8640.657799192313,⚪ 持有,hold,0,持倉,True
2025-07-16 13:00:00,3469458.4,4588.843629492507,-2904.60326232668,-7493.446891819187,⚪ 持有,hold,0,持倉,True
2025-07-16 14:00:00,3480000.0,5250.88862621193,-929.8361090542749,-6180.724735266205,⚪ 持有,hold,0,持倉,True
2025-07-16 15:00:00,3484440.8,5730.33531484131,982.1944082854316,-4748.140906555878,⚪ 持有,hold,0,持倉,True
2025-07-16 16:00:00,3500648.0,6808.0431000439985,3761.9129684991203,-3046.1301315448786,⚪ 持有,hold,0,持倉,True
2025-07-16 17:00:00,3516343.1,8156.036194416402,7148.915111475624,-1007.121082940778,⚪ 持有,hold,0,持倉,True
2025-07-16 18:00:00,3507487.6,8017.423665214841,9014.658498577774,997.2348333629322,⚪ 持有,hold,0,持倉,True
2025-07-16 19:00:00,3505905.0,7400.167986208982,10247.44481612416,2847.2768299151776,⚪ 持有,hold,0,持倉,True
2025-07-16 20:00:00,3501111.1,6293.461472866266,10714.10367099801,4420.642198131744,⚪ 持有,hold,0,持倉,True
2025-07-16 21:00:00,3507311.9,5625.304039618113,11452.272247654386,5826.968208036273,⚪ 持有,hold,0,持倉,True
2025-07-16 22:00:00,3516413.9,5439.373190873579,12626.184696628246,7186.811505754667,⚪ 持有,hold,0,持倉,True
2025-07-16 23:00:00,3508912.3,4493.43903060503,12803.610294010956,8310.171263405926,⚪ 持有,hold,0,持倉,True
2025-07-17 00:00:00,3513093.0,3856.03258768442,13130.211998011451,9274.179410327031,⚪ 持有,hold,0,持倉,True
2025-07-17 01:00:00,3505852.1,2707.7307325021975,12658.84282595478,9951.112093452582,⚪ 持有,hold,0,持倉,True
2025-07-17 02:00:00,3516734.8,2449.8397572396425,13013.411790002137,10563.572032762495,⚪ 持有,hold,0,持倉,True
2025-07-17 03:00:00,3507481.3,1472.9312199296146,12404.736057674512,10931.804837744898,⚪ 持有,hold,0,持倉,True
2025-07-17 04:00:00,3519981.7,1481.493532933122,12783.671753911301,11302.17822097818,⚪ 持有,hold,0,持倉,True
2025-07-17 05:00:00,3505529.2,383.8332980266314,11781.96984351147,11398.136545484838,⚪ 持有,hold,0,持倉,True
2025-07-17 06:00:00,3488458.7,-1517.5941131095951,9501.143904097844,11018.738017207439,🔴 賣1,sell,1,空倉,True
2025-07-17 07:00:00,3491083.9,-2562.7387866820845,7815.314533854835,10378.05332053692,⚪ 持有,hold,0,空倉,True
2025-07-17 08:00:00,3501457.0,-2516.099940916947,7232.928394390736,9749.028335307683,⚪ 持有,hold,0,空倉,True
2025-07-17 09:00:00,3487241.3,-3351.0622933152736,5560.200468663592,8911.262761978865,⚪ 持有,hold,0,空倉,True
2025-07-17 10:00:00,3487035.7,-3793.0954903781158,4169.893399006221,7962.988889384337,⚪ 持有,hold,0,空倉,True
2025-07-17 11:00:00,3486598.3,-3971.8238971496166,2998.209017947316,6970.032915096933,⚪ 持有,hold,0,空倉,True
2025-07-17 12:00:00,3494205.0,-3453.740464416309,2652.857334576547,6106.597798992856,⚪ 持有,hold,0,空倉,True
2025-07-17 13:00:00,3498776.8,-2711.876114587839,2716.752655758057,5428.628770345896,⚪ 持有,hold,0,空倉,True
2025-07-17 14:00:00,3493172.6,-2511.8676091585903,2288.7942588976584,4800.661868056249,⚪ 持有,hold,0,空倉,True
2025-07-17 15:00:00,3487517.1,-2659.5174176338796,1476.2650960139,4135.7825136477795,⚪ 持有,hold,0,空倉,True
2025-07-17 16:00:00,3486690.1,-2703.1275071605833,756.8731296970509,3460.000636857634,⚪ 持有,hold,0,空倉,True
2025-07-17 17:00:00,3500224.0,-1756.6013407842652,1264.248960877303,3020.850301661568,⚪ 持有,hold,0,空倉,True
2025-07-17 18:00:00,3488886.3,-1822.3391746647976,742.9263333305717,2565.2655079953693,⚪ 持有,hold,0,空倉,True
2025-07-17 19:00:00,3479456.2,-2393.206332116749,-426.2424071505666,1966.9639249661823,⚪ 持有,hold,0,空倉,True
2025-07-17 20:00:00,3478077.0,-2731.5087329383105,-1447.4219912067056,1284.086741731605,⚪ 持有,hold,0,空倉,True
2025-07-17 21:00:00,3486233.9,-2291.5123941012553,-1580.3037508949637,711.2086432062913,⚪ 持有,hold,0,空倉,True
2025-07-17 22:00:00,3498786.2,-1101.0318387243065,-665.0811551990919,435.9506835252147,⚪ 持有,hold,0,空倉,True
2025-07-17 23:00:00,3501291.9,-141.21034063839227,259.4377577272244,400.64809836561665,⚪ 持有,hold,0,空倉,True
2025-07-18 00:00:00,3492183.2,-117.15892772691598,254.1994387069717,371.3583664338877,⚪ 持有,hold,0,空倉,True
2025-07-18 01:00:00,3507676.8,889.4374493048467,1483.155178064946,593.7177287600994,⚪ 持有,hold,0,空倉,True
2025-07-18 02:00:00,3517008.8,2063.8604041419876,3173.543233937584,1109.6828297955963,⚪ 持有,hold,0,空倉,True
2025-07-18 03:00:00,3498944.6,1528.8431778529994,3020.7368021118455,1491.893624258846,⚪ 持有,hold,0,空倉,True
2025-07-18 04:00:00,3513586.7,2034.183565733832,4034.623081426136,2000.4395156923042,⚪ 持有,hold,0,空倉,True
2025-07-18 05:00:00,3531988.9,3400.4336548338597,6250.981584234629,2850.547929400769,⚪ 持有,hold,0,空倉,True
2025-07-18 06:00:00,3517997.7,3159.6427915262393,6800.101418808568,3640.458627282329,⚪ 持有,hold,0,空倉,True
2025-07-18 07:00:00,3510000.1,2299.5085325545333,6514.8442929754965,4215.335760420963,⚪ 持有,hold,0,空倉,True
2025-07-18 08:00:00,3519494.7,2207.341784958666,6974.512991619296,4767.171206660631,⚪ 持有,hold,0,空倉,True
2025-07-18 09:00:00,3536543.4,3078.407764515231,8615.18091230467,5536.773147789439,⚪ 持有,hold,0,空倉,True
2025-07-18 10:00:00,3534000.0,3250.208273240436,9599.533489339985,6349.325216099549,⚪ 持有,hold,0,空倉,True
2025-07-18 11:00:00,3540338.7,3534.1436550077615,10767.004784859251,7232.86112985149,⚪ 持有,hold,0,空倉,True
2025-07-18 12:00:00,3543791.0,3681.2203077745144,11834.386514569633,8153.166206795118,⚪ 持有,hold,0,空倉,True
2025-07-18 13:00:00,3552896.5,4087.190330804995,13262.154120301362,9174.963789496367,⚪ 持有,hold,0,空倉,True
2025-07-18 14:00:00,3537962.9,3090.7133474820985,13038.355473848991,9947.642126366893,⚪ 持有,hold,0,空倉,True
2025-07-18 15:00:00,3516648.0,853.1627015304366,11014.09550327994,10160.932801749503,⚪ 持有,hold,0,空倉,True
2025-07-18 16:00:00,3498670.9,-1833.906702410015,7868.549423736986,9702.456126147,⚪ 持有,hold,0,空倉,False
2025-07-18 17:00:00,3505015.9,-3105.5056914311317,5820.574011858087,8926.079703289219,⚪ 持有,hold,0,空倉,True
2025-07-18 18:00:00,3513227.2,-3297.074944743623,4804.736022359692,8101.810967103314,⚪ 持有,hold,0,空倉,True
2025-07-18 19:00:00,3513421.8,-3305.7524713543935,3969.6203779103234,7275.372849264717,⚪ 持有,hold,0,空倉,True
2025-07-18 20:00:00,3519750.6,-2800.337324627545,3774.9511934802867,6575.288518107832,⚪ 持有,hold,0,空倉,True
2025-07-18 21:00:00,3502500.0,-3497.5932340434647,2203.2969755535014,5700.890209596966,⚪ 持有,hold,0,空倉,True
2025-07-18 22:00:00,3486202.7,-4843.299653518862,-353.23435730161145,4490.065296217251,⚪ 持有,hold,0,空倉,True
2025-07-18 23:00:00,3475816.4,-6136.6330655063775,-3180.7260356657207,2955.907029840657,⚪ 持有,hold,0,空倉,True
2025-07-19 00:00:00,3470173.0,-7012.673990655712,-5809.9354584789835,1202.7385321767285,⚪ 持有,hold,0,空倉,True
2025-07-19 01:00:00,3473500.0,-6992.787282415869,-7538.245570843108,-545.4582884272388,⚪ 持有,hold,0,空倉,True
2025-07-19 02:00:00,3465546.8,-7116.331019361107,-9440.872062628623,-2324.5410432675158,⚪ 持有,hold,0,空倉,True
2025-07-19 03:00:00,3464857.1,-6843.538654783424,-10878.964361746795,-4035.425706963372,⚪ 持有,hold,0,空倉,True
2025-07-19 04:00:00,3469109.4,-6005.6460231096735,-11542.483235850465,-5536.837212740791,⚪ 持有,hold,0,空倉,True
2025-07-19 05:00:00,3473100.0,-4860.4962086533205,-11612.457473557442,-6751.961264904122,⚪ 持有,hold,0,空倉,True
2025-07-19 06:00:00,3477854.2,-3522.984968005867,-11155.692474911455,-7632.707506905588,⚪ 持有,hold,0,空倉,True
2025-07-19 07:00:00,3485200.7,-1961.5557361660158,-10084.652177113108,-8123.096440947093,⚪ 持有,hold,0,空倉,True
2025-07-19 08:00:00,3480132.2,-1129.4572599232652,-9534.918015851174,-8405.460755927908,⚪ 持有,hold,0,空倉,True
2025-07-19 09:00:00,3487706.1,11.27354570362877,-8391.368823798373,-8402.642369502002,🟢 買2,buy,2,持倉,True
2025-07-19 10:00:00,3489662.8,927.1478464996535,-7243.707561377436,-8170.855407877089,⚪ 持有,hold,0,持倉,True
2025-07-19 11:00:00,3489999.2,1548.5578838349957,-6235.158053083345,-7783.715936918341,⚪ 持有,hold,0,持倉,True
2025-07-19 12:00:00,3487199.3,1749.1472688757403,-5597.281850823667,-7346.429119699407,⚪ 持有,hold,0,持倉,True
2025-07-19 13:00:00,3487202.3,1850.3470641596286,-5033.495289499871,-6883.8423536595,⚪ 持有,hold,0,持倉,True
2025-07-19 14:00:00,3487766.3,1915.530723742996,-4489.428948980756,-6404.959672723752,⚪ 持有,hold,0,持倉,True
2025-07-19 15:00:00,3489538.3,2027.448987971131,-3870.648437759839,-5898.09742573097,⚪ 持有,hold,0,持倉,True
2025-07-19 16:00:00,3488581.2,1984.0069039650825,-3418.0887957746163,-5402.095699739699,⚪ 持有,hold,0,持倉,True
2025-07-19 17:00:00,3491000.0,2056.3853675686278,-2831.6139902789146,-4887.999357847542,⚪ 持有,hold,0,持倉,True
2025-07-19 18:00:00,3491893.2,2095.5165617984158,-2268.6036555995233,-4364.120217397939,⚪ 持有,hold,0,持倉,True
2025-07-19 19:00:00,3492844.4,2110.68300820674,-1725.7664571395144,-3836.4494653462543,⚪ 持有,hold,0,持倉,True
2025-07-19 20:00:00,3491000.0,1926.8144302801875,-1427.9314274960198,-3354.7458577762072,⚪ 持有,hold,0,持倉,True
2025-07-19 21:00:00,3489115.1,1620.8570345078183,-1328.6745646414347,-2949.531599149253,⚪ 持有,hold,0,持倉,True
2025-07-19 22:00:00,3475176.0,481.45038098182977,-2347.718622921966,-2829.169003903796,⚪ 持有,hold,0,持倉,True
2025-07-19 23:00:00,3487497.5,554.1762784938701,-2136.4486557864584,-2690.6249342803285,⚪ 持有,hold,0,持倉,True
2025-07-20 00:00:00,3482770.2,293.55329763370764,-2323.683312238194,-2617.2366098719017,⚪ 持有,hold,0,持倉,True
2025-07-20 01:00:00,3479526.0,-68.36510497038671,-2702.692991084885,-2634.327886114498,⚪ 持有,hold,0,持倉,True
2025-07-20 02:00:00,3479077.2,-296.2494394599307,-3004.6396854394116,-2708.390245979481,⚪ 持有,hold,0,持倉,True
2025-07-20 03:00:00,3483157.4,-138.47233152440458,-2881.4806603849865,-2743.008328860582,⚪ 持有,hold,0,持倉,True
2025-07-20 04:00:00,3475635.2,-487.36349591653516,-3352.2126987562515,-2864.8492028397163,⚪ 持有,hold,0,持倉,True
2025-07-20 05:00:00,3476171.5,-620.1496223903723,-3640.0362308276817,-3019.8866084373094,⚪ 持有,hold,0,持倉,True
2025-07-20 06:00:00,3478577.9,-489.76557004142524,-3632.093570989091,-3142.3280009476657,⚪ 持有,hold,0,持倉,True
2025-07-20 07:00:00,3479673.3,-283.8151779939826,-3497.096973440144,-3213.2817954461616,⚪ 持有,hold,0,持倉,True
2025-07-20 08:00:00,3482961.4,99.28233559866021,-3089.178875947837,-3188.461211546497,⚪ 持有,hold,0,持倉,False
2025-07-20 09:00:00,3481874.6,293.9074464031946,-2821.0769035425037,-3114.9843499456983,⚪ 持有,hold,0,持倉,True
2025-07-20 10:00:00,3484745.2,612.0812848163014,-2349.882743925322,-2961.964028741623,⚪ 持有,hold,0,持倉,True
2025-07-20 11:00:00,3480209.9,516.9915802638375,-2315.7245534118265,-2832.716133675664,⚪ 持有,hold,0,持倉,True
2025-07-20 12:00:00,3480876.1,498.63030262674056,-2209.4282553922385,-2708.058558018979,⚪ 持有,hold,0,持倉,True
2025-07-20 13:00:00,3478577.9,339.0058830746325,-2284.3012041756883,-2623.307087250321,⚪ 持有,hold,0,持倉,True
2025-07-20 14:00:00,3479294.3,290.8203050950815,-2259.781705881469,-2550.6020109765504,⚪ 持有,hold,0,持倉,True
2025-07-20 15:00:00,3484000.0,568.9333696700851,-1839.435298888944,-2408.368668559029,⚪ 持有,hold,0,持倉,True
2025-07-20 16:00:00,3485000.0,799.1991244960755,-1409.3697629389353,-2208.5688874350108,⚪ 持有,hold,0,持倉,True
2025-07-20 17:00:00,3480052.1,606.0015820772346,-1451.0669098384678,-2057.0684919157025,⚪ 持有,hold,0,持倉,True
2025-07-20 18:00:00,3480803.4,519.8416126515685,-1407.266476101242,-1927.1080887528105,⚪ 持有,hold,0,持倉,True
2025-07-20 19:00:00,3477482.9,244.2497805651999,-1621.7958630463108,-1866.0456436115107,⚪ 持有,hold,0,持倉,True
2025-07-20 20:00:00,3485000.0,555.4463248332424,-1171.737737569958,-1727.1840624032004,⚪ 持有,hold,0,持倉,True
2025-07-20 21:00:00,3490666.6,1098.7564569179285,-353.73849125579,-1452.4949481737185,⚪ 持有,hold,0,持倉,True
2025-07-20 22:00:00,3494701.4,1652.427722119044,613.0397044750862,-1039.3880176439577,⚪ 持有,hold,0,持倉,True
2025-07-20 23:00:00,3500000.0,2260.4553287105764,1786.1811432442628,-474.2741854663136,⚪ 持有,hold,0,持倉,True
2025-07-21 00:00:00,3496695.4,2316.490464879732,2421.338895633351,104.84843075361931,⚪ 持有,hold,0,持倉,True
2025-07-21 01:00:00,3483636.2,1395.8144262042426,1849.6164635089226,453.80203730467997,⚪ 持有,hold,0,持倉,True
2025-07-21 02:00:00,3491744.9,1258.9226869732565,2027.4553960212506,768.5327090479941,⚪ 持有,hold,0,持倉,True
2025-07-21 03:00:00,3485000.0,669.6764626422118,1605.628287350759,935.9518247085471,⚪ 持有,hold,0,持倉,True
2025-07-21 04:00:00,3486252.6,336.64790963852136,1356.7617117566988,1020.1138021181774,⚪ 持有,hold,0,持倉,True
2025-07-21 05:00:00,3481865.0,-179.04213983412615,796.3111273255199,975.3532671596461,🔴 賣2,sell,2,空倉,True
2025-07-21 06:00:00,3470814.2,-1207.0093363187148,-533.4084032387473,673.6009330799675,⚪ 持有,hold,0,空倉,True
2025-07-21 07:00:00,3460810.7,-2432.586927270432,-2367.1327260080725,65.45420126235945,⚪ 持有,hold,0,空倉,True
2025-07-21 08:00:00,3461977.2,-2999.3884201246565,-3683.7813238934614,-684.3929037688048,⚪ 持有,hold,0,空倉,True
2025-07-21 09:00:00,3464112.5,-3054.9063808240944,-4503.025879798923,-1448.1194989748283,⚪ 持有,hold,0,空倉,True
2025-07-21 10:00:00,3486817.0,-1467.4103453537834,-3282.3824306670576,-1814.9720853132742,⚪ 持有,hold,0,空倉,True
2025-07-21 11:00:00,3495000.0,143.29218692806262,-1635.856851653196,-1779.1490385812585,🟢 買3,buy,3,持倉,True
2025-07-21 12:00:00,3493000.0,1033.9225509908697,-486.7458498426713,-1520.668400833541,⚪ 持有,hold,0,持倉,True
2025-07-21 13:00:00,3493900.3,1609.2711664845567,490.92055727215484,-1118.3506092124019,⚪ 持有,hold,0,持倉,True
2025-07-21 14:00:00,3513156.5,3124.609365614679,2787.411097805947,-337.1982678087321,⚪ 持有,hold,0,持倉,True
2025-07-21 15:00:00,3519849.8,4340.8217472051,5088.828916197643,748.0071689925428,⚪ 持有,hold,0,持倉,True
2025-07-21 16:00:00,3508200.0,4125.2845986600005,5904.612917317543,1779.3283186575432,⚪ 持有,hold,0,持倉,True
2025-07-21 17:00:00,3503378.9,3450.0427185600965,6091.881716857664,2641.8389982975677,⚪ 持有,hold,0,持倉,True
2025-07-21 18:00:00,3498082.5,2483.868232981962,5746.674289525021,3262.8060565430587,⚪ 持有,hold,0,持倉,True
2025-07-21 19:00:00,3485000.0,883.4393392635202,4367.105230622459,3483.665891358939,⚪ 持有,hold,0,持倉,True
2025-07-21 20:00:00,3486087.4,-128.35442516009016,3323.2228599088266,3451.577285068917,🔴 賣3,sell,3,空倉,True
2025-07-21 21:00:00,3506801.2,534.6403495901322,4119.877722056583,3585.2373724664503,⚪ 持有,hold,0,空倉,True
2025-07-21 22:00:00,3500733.1,502.2280089087085,4213.022383602336,3710.7943746936276,⚪ 持有,hold,0,空倉,True
2025-07-21 23:00:00,3488690.2,-346.7953879941074,3277.300139700994,3624.0955276951013,⚪ 持有,hold,0,空倉,False
2025-07-22 00:00:00,3473642.7,-1854.1037010085438,1306.4659014344215,3160.5696024429653,⚪ 持有,hold,0,空倉,True
2025-07-22 01:00:00,3472350.3,-2812.9524289075766,-355.62093369150534,2457.3314952160713,⚪ 持有,hold,0,空倉,True
2025-07-22 02:00:00,3455223.8,-4381.856862612778,-3019.989583049901,1361.867279562877,⚪ 持有,hold,0,空倉,True
2025-07-22 03:00:00,3444444.4,-5835.843598902048,-5932.937219064683,-97.0936201626348,⚪ 持有,hold,0,空倉,True
2025-07-22 04:00:00,3448869.4,-6157.971405681081,-7794.557877263986,-1636.586471582905,⚪ 持有,hold,0,空倉,True
2025-07-22 05:00:00,3457223.4,-5489.010627668982,-8497.849756169133,-3008.8391285001508,⚪ 持有,hold,0,空倉,True
2025-07-22 06:00:00,3460368.8,-4553.8128729024365,-8701.105219628196,-4147.29234672576,⚪ 持有,hold,0,空倉,True
2025-07-22 07:00:00,3459829.7,-3725.524672277228,-8804.198187072296,-5078.673514795068,⚪ 持有,hold,0,空倉,True
2025-07-22 08:00:00,3452500.0,-3432.534548759425,-9369.34170074435,-5936.8071519849245,⚪ 持有,hold,0,空倉,True
2025-07-22 09:00:00,3469075.8,-1957.0013129833796,-8383.05879321415,-6426.05748023077,⚪ 持有,hold,0,空倉,True
2025-07-22 10:00:00,3447482.7,-2249.0124811699006,-9237.323081693146,-6988.310600523246,⚪ 持有,hold,0,空倉,True
2025-07-22 11:00:00,3457601.7,-1604.660439648207,-8994.136150083505,-7389.4757104352975,⚪ 持有,hold,0,空倉,True
2025-07-22 12:00:00,3440396.6,-2147.29495959804,-10073.594409932848,-7926.299450334808,⚪ 持有,hold,0,空倉,True
2025-07-22 13:00:00,3458269.3,-1161.986494900886,-9378.782568960916,-8216.79607406003,⚪ 持有,hold,0,空倉,True
2025-07-22 14:00:00,3476999.9,786.7531095908998,-7233.354687071405,-8020.107796662305,🟢 買4,buy,4,持倉,True
2025-07-22 15:00:00,3484784.4,2536.8488381406696,-4849.046748986468,-7385.895587127137,⚪ 持有,hold,0,持倉,True
2025-07-22 16:00:00,3491778.4,4014.4656687333763,-2367.8135012104176,-6382.279169943794,⚪ 持有,hold,0,持倉,True
2025-07-22 17:00:00,3495521.3,5027.211502834526,-98.26479140063748,-5125.476294235164,⚪ 持有,hold,0,持倉,True
2025-07-22 18:00:00,3509075.3,6310.1588418419105,2762.222258067224,-3547.936583774686,⚪ 持有,hold,0,持倉,True
2025-07-22 19:00:00,3515000.0,7193.9427989922915,5444.491914965678,-1749.4508840266133,⚪ 持有,hold,0,持倉,True
2025-07-22 20:00:00,3517800.0,7565.401961102074,7707.30156735098,141.89960624890546,⚪ 持有,hold,0,持倉,True
2025-07-22 21:00:00,3484808.5,5294.900368053033,6760.525066315196,1465.6246982621637,⚪ 持有,hold,0,持倉,True
2025-07-22 22:00:00,3506122.3,4941.061632220473,7641.951738537755,2700.890106317282,⚪ 持有,hold,0,持倉,True
2025-07-22 23:00:00,3502720.7,4218.558087330928,7974.087715480942,3755.529628150014,⚪ 持有,hold,0,持倉,True
2025-07-23 00:00:00,3494631.7,2994.103547465922,7498.159062482417,4504.055515016495,⚪ 持有,hold,0,持倉,True
2025-07-23 01:00:00,3507142.8,2827.049867432139,8037.867849306669,5210.81798187453,⚪ 持有,hold,0,持倉,True
2025-07-23 02:00:00,3522065.9,3478.9965776596537,9559.563703949098,6080.567126289444,⚪ 持有,hold,0,持倉,True
2025-07-23 03:00:00,3508520.9,2785.4037697308013,9562.321838452946,6776.918068722145,⚪ 持有,hold,0,持倉,True
2025-07-23 04:00:00,3520494.8,2907.020222929288,10410.693347383756,7503.673124454468,⚪ 持有,hold,0,持倉,True
2025-07-23 05:00:00,3511666.6,2199.0516007169936,10252.48762535071,8053.436024633716,⚪ 持有,hold,0,持倉,True
2025-07-23 06:00:00,3525543.8,2452.221510635305,11118.712912927847,8666.491402292542,⚪ 持有,hold,0,持倉,True
2025-07-23 07:00:00,3528781.2,2609.946558780288,11928.924600767903,9318.978041987615,⚪ 持有,hold,0,持倉,True
2025-07-23 08:00:00,3522067.4,2058.569476660914,11892.189887813758,9833.620411152844,⚪ 持有,hold,0,持倉,True
2025-07-23 09:00:00,3517003.8,1192.2650272236133,11323.95169518236,10131.686667958747,⚪ 持有,hold,0,持倉,True
2025-07-23 10:00:00,3505000.0,-271.6414477467588,9792.134858275298,10063.776306022057,🔴 賣4,sell,4,空倉,True
2025-07-23 11:00:00,3489187.3,-2275.828872345839,7218.990215589758,9494.819087935597,⚪ 持有,hold,0,空倉,True
2025-07-23 12:00:00,3498948.8,-2876.3183402720733,5899.421162595507,8775.73950286758,⚪ 持有,hold,0,空倉,True
2025-07-23 13:00:00,3490038.4,-3750.559798653341,4087.539754550904,7838.099553204245,⚪ 持有,hold,0,空倉,True
2025-07-23 14:00:00,3486925.7,-4372.010565373757,2373.086346487049,6745.096911860806,⚪ 持有,hold,0,空倉,True
2025-07-23 15:00:00,3485766.5,-4667.807045127593,910.3381054513156,5578.145150578908,⚪ 持有,hold,0,空倉,True
2025-07-23 16:00:00,3486312.7,-4624.510066202917,-202.4924321747385,4422.017634028179,⚪ 持有,hold,0,空倉,True
2025-07-23 17:00:00,3478509.9,-4893.219057220654,-1694.5061874976382,3198.7128697230155,⚪ 持有,hold,0,空倉,True
2025-07-23 18:00:00,3482103.2,-4604.976061648626,-2557.507207337767,2047.4688543108591,⚪ 持有,hold,0,空倉,True
2025-07-23 19:00:00,3487546.8,-3854.1790296643467,-2770.254932769574,1083.9240968947724,⚪ 持有,hold,0,空倉,True
2025-07-23 20:00:00,3474895.0,-3998.841810085137,-3914.6281657116488,84.21364437348814,⚪ 持有,hold,0,空倉,True
2025-07-23 21:00:00,3460008.8,-4830.658009654862,-5954.108867695089,-1123.4508580402273,⚪ 持有,hold,0,空倉,True
2025-07-23 22:00:00,3476513.2,-4035.2786757007398,-6167.549202666152,-2132.2705269654125,⚪ 持有,hold,0,空倉,True
2025-07-23 23:00:00,3489305.7,-2489.3873743073764,-5244.004744849633,-2754.617370542257,⚪ 持有,hold,0,空倉,True
2025-07-24 00:00:00,3467935.4,-2728.644156131799,-6165.422565707006,-3436.7784095752068,⚪ 持有,hold,0,空倉,True
2025-07-24 01:00:00,3472409.3,-2418.719337379484,-6460.177581299562,-4041.458243920078,⚪ 持有,hold,0,空倉,True
2025-07-24 02:00:00,3480000.0,-1576.4052567127483,-6011.964814811014,-4435.559558098265,⚪ 持有,hold,0,空倉,True
2025-07-24 03:00:00,3480500.9,-893.4169232196618,-5552.330712122843,-4658.913788903181,⚪ 持有,hold,0,空倉,True
2025-07-24 04:00:00,3467175.6,-1226.413764016961,-6191.930993924383,-4965.517229907422,⚪ 持有,hold,0,空倉,True
2025-07-24 05:00:00,3473684.2,-910.205777070878,-6103.274451246019,-5193.0686741751415,⚪ 持有,hold,0,空倉,True
2025-07-24 06:00:00,3486075.5,173.82978755465047,-4975.781439731829,-5149.611227286479,🟢 買5,buy,5,持倉,True
2025-07-24 07:00:00,3493206.2,1346.1824714690174,-3466.883137950208,-4813.065609419225,⚪ 持有,hold,0,持倉,True
2025-07-24 08:00:00,3500000.0,2487.8655567575024,-1703.233663472347,-4191.099220229849,⚪ 持有,hold,0,持倉,True
2025-07-24 09:00:00,3497120.5,2927.478861668763,-531.750643143896,-3459.229504812659,⚪ 持有,hold,0,持倉,True
2025-07-24 10:00:00,3496000.0,3009.586127883316,302.753155041486,-2706.83297284183,⚪ 持有,hold,0,持倉,True
2025-07-24 11:00:00,3486561.6,2325.6229350835297,200.19569601258263,-2125.427239070947,⚪ 持有,hold,0,持倉,True
2025-07-24 12:00:00,3470459.7,766.8065326432309,-1166.9190732669085,-1933.7256059101394,⚪ 持有,hold,0,持倉,True
2025-07-24 13:00:00,3463388.0,-684.0966206290136,-2788.8463816964068,-2104.749761067393,⚪ 持有,hold,0,持倉,True
2025-07-24 14:00:00,3459323.7,-1797.8186624094342,-4352.023089079186,-2554.204426669752,⚪ 持有,hold,0,持倉,True
2025-07-24 15:00:00,3491919.1,-298.1849633729057,-2926.935630885884,-2628.7506675129785,⚪ 持有,hold,0,持倉,True
2025-07-24 16:00:00,3504076.6,1457.2168008726862,-807.2296664221212,-2264.4464672948075,⚪ 持有,hold,0,持倉,False
2025-07-24 17:00:00,3494017.0,1859.7432615373157,60.232609626837075,-1799.5106519104786,⚪ 持有,hold,0,持倉,True
2025-07-24 18:00:00,3491306.4,1857.9698695721377,522.9516850546934,-1335.0181845174443,⚪ 持有,hold,0,持倉,True
2025-07-24 19:00:00,3499999.9,2326.430457486532,1573.0198873407207,-753.4105701458113,⚪ 持有,hold,0,持倉,True
2025-07-24 20:00:00,3496625.3,2289.6067616110618,2108.597881868016,-181.0088797430459,⚪ 持有,hold,0,持倉,True
2025-07-24 21:00:00,3490000.0,1725.3404679045043,1975.6667051375844,250.32623723308018,⚪ 持有,hold,0,持倉,True
2025-07-24 22:00:00,3510525.0,2588.799461682361,3486.3255643360317,897.5261026536706,⚪ 持有,hold,0,持倉,True
2025-07-24 23:00:00,3510556.5,2988.1173676871035,4632.67281226255,1644.5554445754465,⚪ 持有,hold,0,持倉,True
2025-07-25 00:00:00,3494567.0,2046.354411370627,4202.49845878873,2156.144047418103,⚪ 持有,hold,0,持倉,True
2025-07-25 01:00:00,3510674.0,2357.056313049826,5102.464438730385,2745.4081256805594,⚪ 持有,hold,0,持倉,True
2025-07-25 02:00:00,3505770.3,2090.265419053536,5358.239899497479,3267.9744804439433,⚪ 持有,hold,0,持倉,True
2025-07-25 03:00:00,3503763.4,1655.6017189757285,5337.476629163604,3681.8749101878757,⚪ 持有,hold,0,持倉,True
2025-07-25 04:00:00,3498130.8,903.3472307741895,4811.058948655613,3907.7117178814233,⚪ 持有,hold,0,持倉,True
2025-07-25 05:00:00,3494241.2,100.6426896120065,4033.5150798964314,3932.872390284425,⚪ 持有,hold,0,持倉,True
2025-07-25 06:00:00,3489033.9,-775.9257895713586,2962.965153320227,3738.8909428915854,🔴 賣5,sell,5,空倉,True
2025-07-25 07:00:00,3486874.0,-1456.593145439022,1918.149511092808,3374.74265653183,⚪ 持有,hold,0,空倉,True
2025-07-25 08:00:00,3469899.7,-2920.892293347115,-276.3727101520635,2644.5195831950514,⚪ 持有,hold,0,空倉,True
2025-07-25 09:00:00,3467503.2,-3862.6172420889693,-2183.75196941616,1678.8652726728092,⚪ 持有,hold,0,空倉,True
2025-07-25 10:00:00,3442800.0,-5842.193824257672,-5623.87700764928,218.3168166083915,⚪ 持有,hold,0,空倉,True
2025-07-25 11:00:00,3414261.4,-8599.953754525235,-10531.625376548152,-1931.6716220229173,⚪ 持有,hold,0,空倉,True
2025-07-25 12:00:00,3429448.1,-8890.850069013293,-13045.234208289534,-4154.384139276241,⚪ 持有,hold,0,空倉,True
2025-07-25 13:00:00,3416490.7,-9396.141461240768,-15899.5609658272,-6503.419504586433,⚪ 持有,hold,0,空倉,True
2025-07-25 14:00:00,3411723.0,-9465.2600965356,-18334.99462525593,-8869.734528720332,⚪ 持有,hold,0,空倉,True
2025-07-25 15:00:00,3413870.9,-8794.460106497667,-19862.809661842417,-11068.34955534475,⚪ 持有,hold,0,空倉,True
2025-07-25 16:00:00,3411645.0,-7954.139245115995,-21011.023611739744,-13056.884366623748,⚪ 持有,hold,0,空倉,True
2025-07-25 17:00:00,3431034.4,-5654.049952844405,-20124.446807679255,-14470.39685483485,⚪ 持有,hold,0,空倉,True
2025-07-25 18:00:00,3443209.4,-3007.100000230419,-18229.271855122875,-15222.171854892456,⚪ 持有,hold,0,空倉,True
2025-07-25 19:00:00,3451828.4,-501.5838192759511,-15849.151628987398,-15347.567809711447,⚪ 持有,hold,0,空倉,True
2025-07-25 20:00:00,3434409.6,123.412759287472,-15193.301860602107,-15316.714619889579,🟢 買6,buy,6,持倉,True
2025-07-25 21:00:00,3436102.4,756.3491105602716,-14371.27823168924,-15127.627342249512,⚪ 持有,hold,0,持倉,True
2025-07-25 22:00:00,3402580.0,-887.993279352213,-16237.618941439781,-15349.625662087568,⚪ 持有,hold,0,持倉,True
2025-07-25 23:00:00,3428282.8,-91.85290135174,-15464.441788777243,-15372.588887425503,⚪ 持有,hold,0,持倉,True
2025-07-26 00:00:00,3438211.6,1185.749323676073,-13890.402232830413,-15076.151556506486,⚪ 持有,hold,0,持倉,False
2025-07-26 01:00:00,3435725.1,1903.1304830243535,-12697.238452726044,-14600.368935750397,⚪ 持有,hold,0,持倉,True
2025-07-26 02:00:00,3446272.5,3059.225054999866,-10776.337617000565,-13835.562672000431,⚪ 持有,hold,0,持倉,True
2025-07-26 03:00:00,3452188.9,4127.180113042563,-8676.58753069723,-12803.767643739793,⚪ 持有,hold,0,持倉,True
2025-07-26 04:00:00,3459761.0,5180.163290106018,-6328.563531107269,-11508.726821213288,⚪ 持有,hold,0,持倉,True
2025-07-26 05:00:00,3460946.4,5749.1723506303715,-4322.261382925324,-10071.433733555696,⚪ 持有,hold,0,持倉,True
2025-07-26 06:00:00,3467217.6,6296.467763767558,-2200.849028846249,-8497.316792613807,⚪ 持有,hold,0,持倉,True
2025-07-26 07:00:00,3474747.4,6867.433341469227,86.97488422272727,-6780.4584572465,⚪ 持有,hold,0,持倉,True
2025-07-26 08:00:00,3470000.0,6624.149468746843,1499.728378687054,-5124.421090059789,⚪ 持有,hold,0,持倉,True
2025-07-26 09:00:00,3462790.9,5711.065438160946,2014.410707641393,-3696.654730519553,⚪ 持有,hold,0,持倉,True
2025-07-26 10:00:00,3469560.2,5305.081177040036,2934.6967407804914,-2370.3844362595446,⚪ 持有,hold,0,持倉,True
2025-07-26 11:00:00,3471050.1,4889.209265621405,3741.127145767212,-1148.0821198541935,⚪ 持有,hold,0,持倉,True
2025-07-26 12:00:00,3470265.7,4332.6566496208525,4267.738692171872,-64.91795744898036,⚪ 持有,hold,0,持倉,True
2025-07-26 13:00:00,3469533.0,3710.52787352586,4573.241884458344,862.7140109324846,⚪ 持有,hold,0,持倉,True
2025-07-26 14:00:00,3466973.0,2954.8391884867087,4556.2629965408705,1601.4238080541618,⚪ 持有,hold,0,持倉,True
2025-07-26 15:00:00,3466231.6,2264.376316798775,4431.894204052631,2167.517887253856,⚪ 持有,hold,0,持倉,True
2025-07-26 16:00:00,3469931.3,1929.2505810733273,4579.0811135955155,2649.830532522188,⚪ 持有,hold,0,持倉,True
2025-07-26 17:00:00,3471570.4,1698.5112925963358,4772.969648267608,3074.4583556712723,⚪ 持有,hold,0,持倉,True
2025-07-26 18:00:00,3484105.9,2236.806682946896,5870.466709354892,3633.660026407996,⚪ 持有,hold,0,持倉,True
2025-07-26 19:00:00,3480275.8,2179.387283591769,6357.894130897708,4178.506847305939,⚪ 持有,hold,0,持倉,True
2025-07-26 20:00:00,3482848.4,2155.2335064193094,6872.548730330076,4717.315223910767,⚪ 持有,hold,0,持倉,True
2025-07-26 21:00:00,3486499.9,2217.1368220531076,7488.736251477152,5271.5994294240445,⚪ 持有,hold,0,持倉,True
2025-07-26 22:00:00,3485750.7,2043.8382856982698,7826.397286546882,5782.559000848612,⚪ 持有,hold,0,持倉,True
2025-07-26 23:00:00,3486800.0,1842.3221282692193,8085.461661185138,6243.139532915919,⚪ 持有,hold,0,持倉,True
2025-07-27 00:00:00,3484619.7,1423.3789707201367,8022.36324631609,6598.9842755959535,⚪ 持有,hold,0,持倉,True
2025-07-27 01:00:00,3484191.4,998.6828527594225,7847.337841545232,6848.654988785809,⚪ 持有,hold,0,持倉,True
2025-07-27 02:00:00,3484794.5,656.1895011752285,7668.8918652548455,7012.702364079617,⚪ 持有,hold,0,持倉,True
2025-07-27 03:00:00,3488600.0,586.0474164594252,7745.2616346539,7159.214218194475,⚪ 持有,hold,0,持倉,True
2025-07-27 04:00:00,3482296.5,43.81830934072332,7213.987104870379,7170.168795529656,⚪ 持有,hold,0,持倉,True
2025-07-27 05:00:00,3485342.4,-169.32425648152548,6958.5134749277495,7127.837731409275,🔴 賣6,sell,6,空倉,True
2025-07-27 06:00:00,3482694.3,-528.0203217297185,6467.812329247128,6995.832650976847,⚪ 持有,hold,0,空倉,True
2025-07-27 07:00:00,3481375.0,-873.1386833191928,5904.409296827856,6777.547980147049,⚪ 持有,hold,0,空倉,True
2025-07-27 08:00:00,3482694.3,-1021.2757810772282,5500.953253800515,6522.229034877743,⚪ 持有,hold,0,空倉,True
2025-07-27 09:00:00,3487380.1,-821.0133880476569,5495.962299818173,6316.97568786583,⚪ 持有,hold,0,空倉,True
2025-07-27 10:00:00,3490000.0,-542.8486854677731,5638.414831031114,6181.263516498887,⚪ 持有,hold,0,空倉,True
2025-07-27 11:00:00,3488743.7,-476.5709443641226,5585.549836043734,6062.120780407857,⚪ 持有,hold,0,空倉,True
2025-07-27 12:00:00,3488730.1,-466.18182207974496,5479.393502808176,5945.575324887921,⚪ 持有,hold,0,空倉,True
2025-07-27 13:00:00,3488730.1,-489.43677538674274,5333.779355654493,5823.216131041236,⚪ 持有,hold,0,空倉,True
2025-07-27 14:00:00,3489631.9,-473.89382575634045,5230.84884884581,5704.74267460215,⚪ 持有,hold,0,空倉,True
2025-07-27 15:00:00,3485731.8,-740.2138293064772,4779.475387969054,5519.6892172755315,⚪ 持有,hold,0,空倉,True
2025-07-27 16:00:00,3481349.5,-1198.3249171048865,4021.783070894424,5220.10798799931,⚪ 持有,hold,0,空倉,True
2025-07-27 17:00:00,3479406.4,-1594.2367302174498,3227.312075227499,4821.548805444949,⚪ 持有,hold,0,空倉,True
2025-07-27 18:00:00,3488842.9,-1200.5558163318638,3320.854035030119,4521.409851361983,⚪ 持有,hold,0,空倉,True
2025-07-27 19:00:00,3483823.6,-1252.4099572125706,2955.8974048462696,4208.30736205884,⚪ 持有,hold,0,空倉,True
2025-07-27 20:00:00,3485531.6,-1148.6234937926288,2772.527994818054,3921.151488610683,⚪ 持有,hold,0,空倉,True
2025-07-27 21:00:00,3488181.0,-890.0292787657304,2808.61489015352,3698.64416891925,⚪ 持有,hold,0,空倉,True
2025-07-27 22:00:00,3493556.5,-371.9586101199093,3233.695906269364,3605.6545163892733,⚪ 持有,hold,0,空倉,True
2025-07-27 23:00:00,3496000.0,95.3231308373388,3724.808429935947,3629.4852990986083,⚪ 持有,hold,0,空倉,True
2025-07-28 00:00:00,3510444.2,1271.9150523365843,5219.379114519339,3947.464062182755,⚪ 持有,hold,0,空倉,True
2025-07-28 01:00:00,3511581.7,1979.3085018172405,6421.599689454306,4442.291187637065,⚪ 持有,hold,0,空倉,True
2025-07-28 02:00:00,3507452.5,2014.9149709108851,6960.934901275672,4946.019930364787,⚪ 持有,hold,0,空倉,True
2025-07-28 03:00:00,3505168.9,1740.7813069755293,7121.996564084198,5381.215257108669,⚪ 持有,hold,0,空倉,True
2025-07-28 04:00:00,3501960.7,1223.9056632809406,6911.097336209845,5687.191672928904,⚪ 持有,hold,0,空倉,True
2025-07-28 05:00:00,3511939.9,1420.7790559572777,7463.1654928755015,6042.386436918224,⚪ 持有,hold,0,空倉,True
2025-07-28 06:00:00,3520728.7,1975.4892985813804,8511.74806014495,6536.258761563569,⚪ 持有,hold,0,空倉,True
2025-07-28 07:00:00,3514637.6,1771.3029232146228,8750.387415581848,6979.084492367226,⚪ 持有,hold,0,空倉,True
2025-07-28 08:00:00,3513818.9,1434.5937302138664,8772.326655134559,7337.732924920692,⚪ 持有,hold,0,空倉,True
2025-07-28 09:00:00,3509201.6,786.7851477185641,8321.214359568898,7534.429211850334,⚪ 持有,hold,0,空倉,True
2025-07-28 10:00:00,3519620.5,935.7266054253578,8704.087468632031,7768.3608632066735,⚪ 持有,hold,0,空倉,True
2025-07-28 11:00:00,3518599.1,844.0218658050535,8823.38819546299,7979.366329657937,⚪ 持有,hold,0,空倉,True
2025-07-28 12:00:00,3518274.4,648.8301355998228,8790.403999157716,8141.573863557893,⚪ 持有,hold,0,空倉,True
2025-07-28 13:00:00,3525165.4,858.0173392933757,9214.095537674613,8356.078198381238,⚪ 持有,hold,0,空倉,True
2025-07-28 14:00:00,3527660.8,1027.2229675970939,9640.106907877605,8612.883940280512,⚪ 持有,hold,0,空倉,True
2025-07-28 15:00:00,3511898.0,-5.0380380605201935,8606.586392704863,8611.624430765383,⚪ 持有,hold,0,空倉,False
2025-07-28 16:00:00,3518387.3,-316.15370621680086,8216.432297994383,8532.586004211184,⚪ 持有,hold,0,空倉,True
2025-07-28 17:00:00,3515744.3,-741.0417233486387,7606.283850025386,8347.325573374024,⚪ 持有,hold,0,空倉,True
2025-07-28 18:00:00,3512876.3,-1227.6367031045047,6812.779694493394,8040.416397597899,⚪ 持有,hold,0,空倉,True
2025-07-28 19:00:00,3513000.0,-1533.6789614560294,6123.317695777863,7656.996657233893,⚪ 持有,hold,0,空倉,True
2025-07-28 20:00:00,3514335.6,-1629.6748396606918,5619.903107658029,7249.57794731872,⚪ 持有,hold,0,空倉,True
2025-07-28 21:00:00,3502551.9,-2422.5141718161703,4221.435232548509,6643.949404364679,⚪ 持有,hold,0,空倉,True
2025-07-28 22:00:00,3493970.0,-3400.706737078164,2393.065983016975,5793.772720095139,⚪ 持有,hold,0,空倉,True
2025-07-28 23:00:00,3499443.0,-3539.09486556716,1369.9041381361894,4908.999003703349,⚪ 持有,hold,0,空倉,True
2025-07-29 00:00:00,3493676.4,-3853.0740095921738,92.65649171313271,3945.7305013053065,⚪ 持有,hold,0,空倉,True
2025-07-29 01:00:00,3487510.0,-4277.383261767025,-1400.9985759034753,2876.38468586355,⚪ 持有,hold,0,空倉,True
2025-07-29 02:00:00,3490526.3,-4152.834812925604,-2314.6588302934542,1838.1759826321495,⚪ 持有,hold,0,空倉,True
2025-07-29 03:00:00,3498347.7,-3374.6866187419273,-2380.182290795259,994.5043279466679,⚪ 持有,hold,0,空倉,True
2025-07-29 04:00:00,3496927.0,-2809.7842180131743,-2517.7259445698,292.05827344337433,⚪ 持有,hold,0,空倉,True
2025-07-29 05:00:00,3503050.7,-1920.2832171677646,-2108.2957480163313,-188.01253084856683,⚪ 持有,hold,0,空倉,True
2025-07-29 06:00:00,3498911.8,-1524.5176573938159,-2093.6596025908366,-569.1419451970207,⚪ 持有,hold,0,空倉,True
2025-07-29 07:00:00,3504582.4,-829.4685341143927,-1605.9776128400117,-776.509078725619,⚪ 持有,hold,0,空倉,True
2025-07-29 08:00:00,3502752.6,-460.0373739973413,-1351.5557962222956,-891.5184222249543,⚪ 持有,hold,0,空倉,True
2025-07-29 09:00:00,3495918.3,-632.3904171359354,-1682.0064436448738,-1049.6160265089384,⚪ 持有,hold,0,空倉,True
2025-07-29 10:00:00,3505680.0,-74.72897705149671,-1143.0272478233092,-1068.2982707718124,⚪ 持有,hold,0,空倉,True
2025-07-29 11:00:00,3526999.9,1649.0455085970998,993.0086149745621,-656.0368936225376,⚪ 持有,hold,0,空倉,True
2025-07-29 12:00:00,3522000.0,2329.927296472011,2256.3722269674763,-73.5550695045348,⚪ 持有,hold,0,空倉,True
2025-07-29 13:00:00,3529999.0,3145.7002517426354,3858.5702451737598,712.8699934311242,⚪ 持有,hold,0,空倉,True
2025-07-29 14:00:00,3533624.1,3716.9544441881753,5359.063048666343,1642.1086044781678,⚪ 持有,hold,0,空倉,True
2025-07-29 15:00:00,3535865.3,4008.2139684923122,6652.376065093558,2644.162096601246,⚪ 持有,hold,0,空倉,True
2025-07-29 16:00:00,3532000.0,3709.8718591401084,7281.501920526382,3571.630061386273,⚪ 持有,hold,0,空倉,True
2025-07-29 17:00:00,3530000.0,3168.2019945758366,7531.882554606069,4363.680560030232,⚪ 持有,hold,0,空倉,True
2025-07-29 18:00:00,3518421.0,1883.8838615378718,6718.535386952572,4834.6515254147,⚪ 持有,hold,0,空倉,True
2025-07-29 19:00:00,3523736.6,1275.2944108198117,6428.769538939465,5153.475128119653,⚪ 持有,hold,0,空倉,True
2025-07-29 20:00:00,3532474.7,1337.6511722811829,6825.539093471132,5487.887921189949,⚪ 持有,hold,0,空倉,True
2025-07-29 21:00:00,3522222.0,602.2779090441281,6240.73530749511,5638.457398450982,⚪ 持有,hold,0,空倉,True
2025-07-29 22:00:00,3502278.7,-1214.3517636444803,4120.517693895381,5334.869457539861,⚪ 持有,hold,0,空倉,False
2025-07-29 23:00:00,3491000.0,-3057.738993857235,1512.6957152183168,4570.434709075552,⚪ 持有,hold,0,空倉,True
2025-07-30 00:00:00,3504477.5,-3234.4118833979164,527.4198548281565,3761.831738226073,⚪ 持有,hold,0,空倉,True
2025-07-30 01:00:00,3506415.2,-3086.230227006565,-95.95604553213343,2990.2741814744318,⚪ 持有,hold,0,空倉,True
2025-07-30 02:00:00,3500163.4,-3257.8045768577335,-1081.9815395977348,2175.8230372599987,⚪ 持有,hold,0,空倉,True
2025-07-30 03:00:00,3497623.0,-3376.52351267656,-2044.8313535857014,1331.6921590908587,⚪ 持有,hold,0,空倉,True
2025-07-30 04:00:00,3495206.6,-3440.281085770366,-2968.659198122099,471.62188764826703,⚪ 持有,hold,0,空倉,True
2025-07-30 05:00:00,3501897.1,-2877.225485038216,-3124.909968649503,-247.68448361128696,⚪ 持有,hold,0,空倉,True
2025-07-30 06:00:00,3505200.0,-2160.442774401768,-2948.237951613497,-787.795177211729,⚪ 持有,hold,0,空倉,True
2025-07-30 07:00:00,3509488.2,-1317.078193329852,-2434.142918874044,-1117.064725544192,⚪ 持有,hold,0,空倉,True
2025-07-30 08:00:00,3504000.0,-1059.4902340286371,-2441.4275180799887,-1381.9372840513515,⚪ 持有,hold,0,空倉,True
2025-07-30 09:00:00,3505155.0,-756.1906025145915,-2327.175537194591,-1570.9849346799995,⚪ 持有,hold,0,空倉,True
2025-07-30 10:00:00,3511865.5,-83.87670561945174,-1675.8308167043142,-1591.9541110848625,⚪ 持有,hold,0,空倉,True
2025-07-30 11:00:00,3517744.9,731.6366899811171,-677.4082486084662,-1409.0449385895834,🟢 買7,buy,7,持倉,True
2025-07-30 12:00:00,3514127.3,986.4102960781361,-176.03206849191338,-1162.4423645700494,⚪ 持有,hold,0,持倉,True
2025-07-30 13:00:00,3512211.8,982.7432290128006,65.98667169595137,-916.7565573168492,⚪ 持有,hold,0,持倉,True
2025-07-30 14:00:00,3520000.0,1434.3103823325441,876.131420598831,-558.1789617337132,⚪ 持有,hold,0,持倉,True
2025-07-30 15:00:00,3518166.1,1530.208602768096,1354.5817917264067,-175.62681104168922,⚪ 持有,hold,0,持倉,True
2025-07-30 16:00:00,3525182.7,1959.4838620276798,2273.7280164929107,314.2441544652308,⚪ 持有,hold,0,持倉,True
2025-07-30 17:00:00,3519406.6,1754.343784197543,2507.1738847121596,752.8301005146166,⚪ 持有,hold,0,持倉,True
2025-07-30 18:00:00,3515530.6,1279.5796842730285,2352.3047058559023,1072.7250215828738,⚪ 持有,hold,0,持倉,True
2025-07-30 19:00:00,3503928.3,164.71755252679122,1278.6219622413628,1113.9044097145716,⚪ 持有,hold,0,持倉,True
2025-07-30 20:00:00,3513870.8,81.66066915946635,1215.9802461639047,1134.3195770044383,⚪ 持有,hold,0,持倉,True
2025-07-30 21:00:00,3513870.8,14.98006146836724,1153.0446538398974,1138.0645923715301,⚪ 持有,hold,0,持倉,True
2025-07-30 22:00:00,3536999.9,1438.0702793633018,2935.6524415756576,1497.5821622123558,⚪ 持有,hold,0,持倉,True
2025-07-30 23:00:00,3519960.7,1153.5945297269086,2939.5753243709914,1785.9807946440828,⚪ 持有,hold,0,持倉,True
2025-07-31 00:00:00,3511106.2,333.46135932869674,2202.807493804954,1869.3461344762572,⚪ 持有,hold,0,持倉,True
2025-07-31 01:00:00,3514299.8,-11.29719944513272,1855.2246351698413,1866.521834614974,🔴 賣7,sell,7,空倉,True
2025-07-31 02:00:00,3485020.8,-2112.327069334916,-773.8870020536706,1338.4400672812453,⚪ 持有,hold,0,空倉,True
2025-07-31 03:00:00,3496181.9,-2618.407187612166,-1934.5689172339626,683.8382703782037,⚪ 持有,hold,0,空倉,True
2025-07-31 04:00:00,3502273.9,-2415.8043848599473,-2335.9172106967308,79.88717416321674,⚪ 持有,hold,0,空倉,True
2025-07-31 05:00:00,3505693.6,-1944.6674665422872,-2350.9471590146422,-406.27969247235507,⚪ 持有,hold,0,空倉,True
2025-07-31 06:00:00,3512880.0,-1085.1020579092758,-1762.65726485895,-677.5552069496741,⚪ 持有,hold,0,空倉,True
2025-07-31 07:00:00,3521738.7,82.05841054382972,-574.9821937698871,-657.0406043137168,🟢 買8,buy,8,持倉,True
2025-07-31 08:00:00,3533000.0,1533.9703143599427,1260.4222886362113,-273.54802572373126,⚪ 持有,hold,0,持倉,True
2025-07-31 09:00:00,3533399.2,2391.5572053500996,2715.8984809638932,324.34127561379364,⚪ 持有,hold,0,持倉,True
2025-07-31 10:00:00,3545773.6,3590.4550154857025,4812.410044970922,1221.9550294852195,⚪ 持有,hold,0,持倉,True
2025-07-31 11:00:00,3549970.6,4410.385755800133,6734.937224235386,2324.551468435253,⚪ 持有,hold,0,持倉,True
2025-07-31 12:00:00,3550566.2,4709.920058545435,8211.951541617047,3502.031483071612,⚪ 持有,hold,0,持倉,True
2025-07-31 13:00:00,3546753.0,4375.483696097704,8971.386103193741,4595.902407096038,⚪ 持有,hold,0,持倉,True
2025-07-31 14:00:00,3550000.0,4101.811367181845,9723.166616073344,5621.355248891499,⚪ 持有,hold,0,持倉,True
2025-07-31 15:00:00,3546885.1,3465.2206597345084,9952.881073559634,6487.660413825126,⚪ 持有,hold,0,持倉,True
2025-07-31 16:00:00,3543983.3,2640.232485655557,9787.951020894572,7147.718535239015,⚪ 持有,hold,0,持倉,True
2025-07-31 17:00:00,3545099.3,1990.7966584580772,9636.214358311612,7645.417699853535,⚪ 持有,hold,0,持倉,True
2025-07-31 18:00:00,3543983.2,1338.4533047872637,9318.484330837615,7980.031026050351,⚪ 持有,hold,0,持倉,True
2025-07-31 19:00:00,3534453.9,178.52311134271622,8203.184915228747,8024.661803886031,⚪ 持有,hold,0,持倉,True
2025-07-31 20:00:00,3547646.6,210.91084473563933,8288.30035980558,8077.389515069941,⚪ 持有,hold,0,持倉,True
2025-07-31 21:00:00,3547852.5,159.65459218608248,8276.957755302545,8117.303163116462,⚪ 持有,hold,0,持倉,True
2025-07-31 22:00:00,3529315.9,-1137.8076020562203,6695.043660546187,7832.851262602408,🔴 賣8,sell,8,空倉,True
2025-07-31 23:00:00,3542483.7,-1122.4583909335825,6429.77827393543,7552.236664869012,⚪ 持有,hold,0,空倉,True
2025-08-01 00:00:00,3552947.1,-455.09923562715267,6983.362620335072,7438.461855962225,⚪ 持有,hold,0,空倉,True
2025-08-01 01:00:00,3532274.3,-1400.0592294620765,5688.38781913463,7088.447048596707,⚪ 持有,hold,0,空倉,True
2025-08-01 02:00:00,3528903.0,-2198.720937088613,4340.045877235942,6538.766814324555,⚪ 持有,hold,0,空倉,True
2025-08-01 03:00:00,3512326.1,-3701.5577582892156,1911.8196164630353,5613.377374752251,⚪ 持有,hold,0,空倉,True
2025-08-01 04:00:00,3502627.4,-5119.58945490108,-786.1094438740984,4333.480011026982,⚪ 持有,hold,0,空倉,True
2025-08-01 05:00:00,3502833.7,-5766.348837578409,-2874.45603594603,2891.8928016323794,⚪ 持有,hold,0,空倉,True
2025-08-01 06:00:00,3492193.8,-6574.821950236128,-5326.63463616278,1248.1873140733474,⚪ 持有,hold,0,空倉,True
2025-08-01 07:00:00,3490228.1,-6873.720070764256,-7343.962774381973,-470.24270361771676,⚪ 持有,hold,0,空倉,True
2025-08-01 08:00:00,3489615.2,-6735.558590885863,-8889.690942225046,-2154.132351339183,⚪ 持有,hold,0,空倉,True
2025-08-01 09:00:00,3478022.1,-7016.078285558266,-10924.230208287016,-3908.1519227287495,⚪ 持有,hold,0,空倉,True
2025-08-01 10:00:00,3493853.3,-5778.168103851471,-11130.862052543089,-5352.693948691618,⚪ 持有,hold,0,空倉,True
2025-08-01 11:00:00,3483634.2,-5302.728463617414,-11981.104528213385,-6678.376064595972,⚪ 持有,hold,0,空倉,True
2025-08-01 12:00:00,3483680.0,-4662.94599071501,-12507.058552989736,-7844.112562274726,⚪ 持有,hold,0,空倉,True
2025-08-01 13:00:00,3481139.9,-4108.093368301779,-12979.229272651952,-8871.135904350172,⚪ 持有,hold,0,空倉,True
2025-08-01 14:00:00,3472000.0,-4047.380064024146,-13930.360984380357,-9882.98092035621,⚪ 持有,hold,0,空倉,True
2025-08-01 15:00:00,3470701.7,-3789.909012558701,-14620.367186054587,-10830.458173495887,⚪ 持有,hold,0,空倉,True
2025-08-01 16:00:00,3467000.0,-3567.352478915689,-15289.6487721405,-11722.29629322481,⚪ 持有,hold,0,空倉,True
2025-08-01 17:00:00,3475939.3,-2563.4966636682693,-14926.667122810148,-12363.170459141878,⚪ 持有,hold,0,空倉,True
2025-08-01 18:00:00,3467610.8,-2218.7093034539976,-15136.557088459376,-12917.847785005379,⚪ 持有,hold,0,空倉,True
2025-08-01 19:00:00,3478783.2,-1055.5288380902002,-14237.258832618129,-13181.729994527928,⚪ 持有,hold,0,空倉,True
2025-08-01 20:00:00,3487154.3,383.26207069451266,-12702.652406159788,-13085.914476854301,🟢 買9,buy,9,持倉,True
2025-08-01 21:00:00,3454835.9,-678.2058946683665,-13933.671845189761,-13255.465950521395,⚪ 持有,hold,0,持倉,True
2025-08-01 22:00:00,3484665.3,716.5293962826854,-12359.804205168039,-13076.333601450724,⚪ 持有,hold,0,持倉,False
2025-08-01 23:00:00,3481087.5,1444.0484009613756,-11271.273100249004,-12715.32150121038,⚪ 持有,hold,0,持倉,True
2025-08-02 00:00:00,3470885.9,1289.2246951368106,-11103.790632289369,-12393.01532742618,⚪ 持有,hold,0,持倉,True
2025-08-02 01:00:00,3457925.9,410.50873894247707,-11879.879403748084,-12290.388142690561,⚪ 持有,hold,0,持倉,True
2025-08-02 02:00:00,3441861.3,-1074.9290647688977,-13634.049473651685,-12559.120408882787,⚪ 持有,hold,0,持倉,True
2025-08-02 03:00:00,3427773.0,-2734.2064343307684,-15976.878451796249,-13242.67201746548,⚪ 持有,hold,0,持倉,True
2025-08-02 04:00:00,3445414.9,-2384.2819683941852,-16223.024477958214,-13838.742509564028,⚪ 持有,hold,0,持倉,True
2025-08-02 05:00:00,3446102.2,-1869.941037467779,-16176.168806398753,-14306.227768930974,⚪ 持有,hold,0,持倉,True
2025-08-02 06:00:00,3428590.6,-2436.6589612462394,-17352.051470488776,-14915.392509242536,⚪ 持有,hold,0,持倉,True
2025-08-02 07:00:00,3435504.2,-2086.942500604302,-17524.070634997915,-15437.128134393613,⚪ 持有,hold,0,持倉,True
2025-08-02 08:00:00,3449000.0,-756.338245953606,-16382.550941835623,-15626.212695882017,⚪ 持有,hold,0,持倉,True
2025-08-02 09:00:00,3444000.0,-59.31989730535861,-15700.362567513715,-15641.042670208357,⚪ 持有,hold,0,持倉,True
2025-08-02 10:00:00,3443713.5,504.9799869048238,-15009.817686577328,-15514.797673482151,⚪ 持有,hold,0,持倉,False
2025-08-02 11:00:00,3451000.2,1438.6659564839174,-13716.465227877256,-15155.131184361173,⚪ 持有,hold,0,持倉,True
2025-08-02 12:00:00,3455274.0,2359.375356763412,-12205.911988406908,-14565.28734517032,⚪ 持有,hold,0,持倉,True
2025-08-02 13:00:00,3454000.0,2864.2610576229526,-10984.96102314163,-13849.222080764583,⚪ 持有,hold,0,持倉,True
2025-08-02 14:00:00,3446000.0,2646.2837396373907,-10541.367406217847,-13187.651145855238,⚪ 持有,hold,0,持倉,True
2025-08-02 15:00:00,3454545.4,3036.5139758212827,-9392.008676078636,-12428.522651899919,⚪ 持有,hold,0,持倉,True
2025-08-02 16:00:00,3447000.1,2753.708697449667,-8986.386780087836,-11740.095477537503,⚪ 持有,hold,0,持倉,True
2025-08-02 17:00:00,3445000.0,2411.488367686623,-8725.735017929226,-11137.22338561585,⚪ 持有,hold,0,持倉,True
2025-08-02 18:00:00,3442000.0,1980.6600381159187,-8661.398337970953,-10642.058376086872,⚪ 持有,hold,0,持倉,True
2025-08-02 19:00:00,3447272.3,2040.2831993598465,-8091.704376887064,-10131.987576246911,⚪ 持有,hold,0,持倉,True
2025-08-02 20:00:00,3445000.0,1918.0573442300392,-7734.415895959362,-9652.473240189402,⚪ 持有,hold,0,持倉,True
2025-08-02 21:00:00,3438663.6,1424.5263217405663,-7871.815338013694,-9296.34165975426,⚪ 持有,hold,0,持倉,True
2025-08-02 22:00:00,3431000.1,636.200920155441,-8501.09050955996,-9137.2914297154,⚪ 持有,hold,0,持倉,True
2025-08-02 23:00:00,3430000.0,128.2220235609875,-8977.013900264166,-9105.235923825154,⚪ 持有,hold,0,持倉,True
2025-08-03 00:00:00,3443720.4,761.7236545352971,-8153.0813556560315,-8914.805010191329,⚪ 持有,hold,0,持倉,True
2025-08-03 01:00:00,3426000.0,69.25943688167354,-8828.230714089237,-8897.49015097091,⚪ 持有,hold,0,持倉,True
2025-08-03 02:00:00,3426097.5,-281.05547206249685,-9248.809491049033,-8967.754018986536,⚪ 持有,hold,0,持倉,True
2025-08-03 03:00:00,3421935.4,-669.7508749709014,-9804.942612700164,-9135.191737729263,⚪ 持有,hold,0,持倉,True
2025-08-03 04:00:00,3440000.0,357.8561934628706,-8687.871495900676,-9045.727689363546,⚪ 持有,hold,0,持倉,False
2025-08-03 05:00:00,3443721.6,1303.152973239885,-7416.786472813692,-8719.939446053577,⚪ 持有,hold,0,持倉,True
2025-08-03 06:00:00,3445190.9,2000.5985660337792,-6219.191238511354,-8219.789804545133,⚪ 持有,hold,0,持倉,True
2025-08-03 07:00:00,3438664.2,1991.2887773561442,-5730.678832849953,-7721.967610206098,⚪ 持有,hold,0,持倉,True
2025-08-03 08:00:00,3450107.8,2681.770456388307,-4369.754539720714,-7051.524996109021,⚪ 持有,hold,0,持倉,True
2025-08-03 09:00:00,3455999.9,3414.2756215648305,-2783.6804691529833,-6197.956090717814,⚪ 持有,hold,0,持倉,True
2025-08-03 10:00:00,3467251.0,4468.938198181432,-611.7833429910243,-5080.721541172456,⚪ 持有,hold,0,持倉,True
2025-08-03 11:00:00,3471000.0,5181.283534195352,1395.8828765717335,-3785.4006576236184,⚪ 持有,hold,0,持倉,True
2025-08-03 12:00:00,3467974.8,5197.605924503568,2711.606748005841,-2485.9991764977267,⚪ 持有,hold,0,持倉,True
2025-08-03 13:00:00,3470700.0,5131.949668724959,3928.9379094084725,-1203.0117593164869,⚪ 持有,hold,0,持倉,True
2025-08-03 14:00:00,3468531.8,4694.370487682472,4664.951350286603,-29.419137395868802,⚪ 持有,hold,0,持倉,True
2025-08-03 15:00:00,3473617.5,4498.843377816265,5594.135084874462,1095.2917070581975,⚪ 持有,hold,0,持倉,True
2025-08-03 16:00:00,3471396.6,3988.735754496796,6081.211400179192,2092.4756456823966,⚪ 持有,hold,0,持倉,True
2025-08-03 17:00:00,3470873.5,3407.454338316921,6351.793568578549,2944.3392302616276,⚪ 持有,hold,0,持倉,True
2025-08-03 18:00:00,3477904.3,3286.340273013803,7052.264571528882,3765.9242985150786,⚪ 持有,hold,0,持倉,True
2025-08-03 19:00:00,3482000.0,3265.1977284397926,7847.421459064819,4582.223730625026,⚪ 持有,hold,0,持倉,True
2025-08-03 20:00:00,3488335.4,3443.3140989598633,8886.366354324855,5443.052255364992,⚪ 持有,hold,0,持倉,True
2025-08-03 21:00:00,3490000.1,3431.0637709722523,9731.881969080307,6300.818198108054,⚪ 持有,hold,0,持倉,True
2025-08-03 22:00:00,3490546.3,3220.9373214651378,10326.989849939477,7106.052528474339,⚪ 持有,hold,0,持倉,True
2025-08-03 23:00:00,3490023.7,2822.2516414147995,10633.867080242839,7811.615438828039,⚪ 持有,hold,0,持倉,True
2025-08-04 00:00:00,3489678.2,2331.1500766927165,10725.553034693934,8394.402958001217,⚪ 持有,hold,0,持倉,True
2025-08-04 01:00:00,3493106.5,2043.3903185283962,10948.640856161714,8905.250537633317,⚪ 持有,hold,0,持倉,True
2025-08-04 02:00:00,3499580.2,2087.859120871961,11515.07443872327,9427.215317851309,⚪ 持有,hold,0,持倉,True
2025-08-04 03:00:00,3478708.7,588.365786610615,10162.672551114578,9574.306764503963,⚪ 持有,hold,0,持倉,True
2025-08-04 04:00:00,3480351.9,-364.7526340659879,9118.365971921477,9483.118605987465,🔴 賣9,sell,9,空倉,True
2025-08-04 05:00:00,3472800.0,-1511.4282569183542,7593.833284839522,9105.261541757876,⚪ 持有,hold,0,空倉,True
2025-08-04 06:00:00,3460000.0,-3050.78778407995,5291.776811657939,8342.56459573789,⚪ 持有,hold,0,空倉,True
2025-08-04 07:00:00,3471428.5,-3202.418574549947,4339.541377550457,7541.959952100404,⚪ 持有,hold,0,空倉,True
2025-08-04 08:00:00,3487481.6,-2173.8690132344072,4824.623685557395,6998.4926987918025,⚪ 持有,hold,0,空倉,True
2025-08-04 09:00:00,3447800.0,-4011.4271992835347,1984.208699687384,5995.635898970919,⚪ 持有,hold,0,空倉,True
2025-08-04 10:00:00,3461323.5,-4144.51031991237,814.9979990804568,4959.508318992826,⚪ 持有,hold,0,空倉,True
2025-08-04 11:00:00,3452000.0,-4650.88104148733,-854.0929828663357,3796.788058620994,⚪ 持有,hold,0,空倉,True
2025-08-04 12:00:00,3443826.8,-5280.666652229894,-2804.0452566663735,2476.6213955635203,⚪ 持有,hold,0,空倉,True
2025-08-04 13:00:00,3445000.0,-5346.290801597983,-4206.242106433958,1140.0486951640246,⚪ 持有,hold,0,空倉,True
2025-08-04 14:00:00,3438000.0,-5564.278601985603,-5815.29955731798,-251.02095533237616,⚪ 持有,hold,0,空倉,True
2025-08-04 15:00:00,3446838.0,-4842.911430338168,-6304.660243255086,-1461.7488129169183,⚪ 持有,hold,0,空倉,True
2025-08-04 16:00:00,3444248.4,-4288.834779961969,-6822.792287869379,-2533.95750790741,⚪ 持有,hold,0,空倉,True
2025-08-04 17:00:00,3436242.6,-4204.532309707256,-7789.622895041481,-3585.0905853342247,⚪ 持有,hold,0,空倉,True
2025-08-04 18:00:00,3435001.0,-3977.8360480900865,-8557.385645446833,-4579.549597356747,⚪ 持有,hold,0,空倉,True
2025-08-04 19:00:00,3440790.1,-3216.0247673144195,-8599.580556499772,-5383.555789185352,⚪ 持有,hold,0,空倉,True
2025-08-04 20:00:00,3440166.9,-2560.6372003211527,-8584.352289586794,-6023.715089265641,⚪ 持有,hold,0,空倉,True
